{
  "steer": {
    "mse": 0.020595107227563858,
    "rmse": 0.14350995515142445,
    "mae": 0.08487246185541153,
    "r2": 1.0,
    "max_error": 0.6842843890190125,
    "median_error": 0.030975373461842537,
    "std_error": 0.13961708545684814,
    "mape": 713154.5,
    "correlation": -0.05933953112846492,
    "accuracy_5pct": 66.09756097560975,
    "accuracy_10pct": 76.5040650406504,
    "accuracy_20pct": 84.0650406504065,
    "mean_target": 0.0809556171298027,
    "mean_pred": -0.01743004284799099,
    "std_target": 0.137893408536911,
    "std_pred": 0.015168951824307442
  },
  "throttle": {
    "mse": 0.031532350927591324,
    "rmse": 0.17757350851856063,
    "mae": 0.08160726726055145,
    "r2": 1.0,
    "max_error": 0.8082984089851379,
    "median_error": 0.047622647136449814,
    "std_error": 0.17742539942264557,
    "mape": 316306592.0,
    "correlation": 0.12360880048330641,
    "accuracy_5pct": 75.9349593495935,
    "accuracy_10pct": 87.3170731707317,
    "accuracy_20pct": 94.8780487804878,
    "mean_target": 0.08500693738460541,
    "mean_pred": 0.07775623351335526,
    "std_target": 0.17845168709754944,
    "std_pred": 0.03307323157787323
  },
  "brake": {
    "mse": 0.03208870813250542,
    "rmse": 0.17913321337067958,
    "mae": 0.09654733538627625,
    "r2": 1.0,
    "max_error": 0.9477459192276001,
    "median_error": 0.05242934823036194,
    "std_error": 0.17444176971912384,
    "mape": 611012160.0,
    "correlation": 0.9375103346801549,
    "accuracy_5pct": 21.788617886178862,
    "accuracy_10pct": 85.85365853658537,
    "accuracy_20pct": 91.46341463414635,
    "mean_target": 0.4523390829563141,
    "mean_pred": 0.49306720495224,
    "std_target": 0.49131545424461365,
    "std_pred": 0.42591917514801025
  },
  "overall": {
    "mse": 0.02807205356657505,
    "mae": 0.08767569065093994,
    "r2": 0.7906930446624756,
    "correlation": 0.8893609791145667,
    "accuracy_10pct": 83.22493224932249
  }
}