{
  "steer": {
    "mse": 0.022860558703541756,
    "rmse": 0.1511970856317732,
    "mae": 0.09365750104188919,
    "r2": 1.0,
    "max_error": 0.7134130597114563,
    "median_error": 0.04648920148611069,
    "std_error": 0.14246825873851776,
    "mape": 2711832.5,
    "correlation": -0.11773069933278546,
    "accuracy_5pct": 52.19512195121951,
    "accuracy_10pct": 73.08943089430893,
    "accuracy_20pct": 84.5528455284553,
    "mean_target": 0.0809556171298027,
    "mean_pred": -0.03486058861017227,
    "std_target": 0.137893408536911,
    "std_pred": 0.02308698371052742
  },
  "throttle": {
    "mse": 0.025238707661628723,
    "rmse": 0.15886694955725916,
    "mae": 0.06658300757408142,
    "r2": 1.0,
    "max_error": 0.8337261080741882,
    "median_error": 0.022224437445402145,
    "std_error": 0.15831324458122253,
    "mape": 238195376.0,
    "correlation": 0.5078050700900101,
    "accuracy_5pct": 79.67479674796748,
    "accuracy_10pct": 82.60162601626017,
    "accuracy_20pct": 94.79674796747967,
    "mean_target": 0.08500693738460541,
    "mean_pred": 0.07175466418266296,
    "std_target": 0.17845168709754944,
    "std_pred": 0.05280570313334465
  },
  "brake": {
    "mse": 0.014823582023382187,
    "rmse": 0.12175213354755714,
    "mae": 0.058759067207574844,
    "r2": 1.0,
    "max_error": 0.950322151184082,
    "median_error": 0.04364187642931938,
    "std_error": 0.12160118669271469,
    "mape": 259214224.0,
    "correlation": 0.9705892343345924,
    "accuracy_5pct": 74.71544715447155,
    "accuracy_10pct": 97.15447154471545,
    "accuracy_20pct": 97.80487804878048,
    "mean_target": 0.4523390829563141,
    "mean_pred": 0.44627833366394043,
    "std_target": 0.49131545424461365,
    "std_pred": 0.4486401379108429
  },
  "overall": {
    "mse": 0.020974282175302505,
    "mae": 0.07299985736608505,
    "r2": 0.8436144590377808,
    "correlation": 0.9207662899980608,
    "accuracy_10pct": 84.28184281842819
  }
}